Kjøper,Postnr.,Latitude,Longitude,cleaned_postal_code
TK BRUKT AS,4319,58.8524,5.7352,4319
SELECT BIL AS,3713,59.1783,9.6413,3713
ILIA AS,1663,59.2538,10.9915,1663
HOKKSUND AUTO AS,3302,59.7701,9.8764,3302
AUTO VEST AS,5536,59.4138,5.268,5536
CARLSEN AS,5238,60.3106,5.3455,5238
PLAY CAR AS,2060,60.1993,11.074,2060
ØSTFOLD BILSALG AS AVD ASKIM,1832,59.591,11.1312,1832
SIGMA BIL,5224,60.3182,5.3532,5224
BILLAGERET AS,2323,60.8273,11.1324,2323
SIGMA BIL,5224,60.3182,5.3532,5224
GRENLAND BIL AS,3735,59.1769,9.6167,3735
AUTONOA AS,3713,59.1783,9.6413,3713
VS BIL AS,3027,59.7539,10.1184,3027
FOLLO BIL & DELER AS,1410,59.8102,10.7985,1410
ERA LINE AS,4031,58.9701,5.7333,4031
SIGMA BIL,5224,60.3182,5.3532,5224
KLIKKBIL AS,3539,60.5565,10.0877,3539
ØSTFOLD BILSALG AS AVD ASKIM,1832,59.591,11.1312,1832
MOBILE ALNABRU AS,0668,59.9127,10.7461,0668
BILCONCEPT AS,4313,58.8524,5.7352,4313
AUTO-V AS,4323,58.8524,5.7352,4323
ÅLESUND BRUKTBIL AS,6010,62.4723,6.1549,6010
ÅLESUND BRUKTBIL AS,6010,62.4723,6.1549,6010
MOTORPOOL HØNEFOSS AS,3511,60.5565,10.0877,3511
DAHL IMPORT & SALG,4326,58.8524,5.7352,4326
ERA LINE AS,4031,58.9701,5.7333,4031
N-AUTO,4250,59.2835,5.3067,4250
CARMAX AUTO ZELON MOHAMMED SABER SABER,3414,59.7553,10.2565,3414
BRUKTBILMEKKA AS,7041,63.4305,10.3951,7041
SIGMA BIL,5224,60.3182,5.3532,5224
AUTO UTVIK AS,5542,59.3765,5.2985,5542
C.S BIL NORGE AS,3731,59.1977,9.5354,3731
CARLSEN AS,5238,60.3106,5.3455,5238
OSLO BIL AUTO AS,1481,59.975,10.9391,1481
BARE BIL AS,1617,59.2344,10.9694,1617
RØHNESELMER AS AVD SALG ASKER,1396,59.8741,10.4842,1396
DIN AUTO AS,1061,59.9127,10.7461,1061
Auto kjeller as,2007,59.9752,11.0421,2007
BILER ZDRAVKOVIC,1850,59.6019,11.3933,1850
NORDEN BIL AS,3048,59.7463,10.1072,3048
CARLSEN AS,5238,60.3106,5.3455,5238
HAMY AUTO AS,5155,60.3266,5.3024,5155
AUTOMOTOR AS,3735,59.1769,9.6167,3735
NS MOTORGROUP BIN KHADRA,3735,59.1769,9.6167,3735
JuTo Bil AS,1476,59.9184,10.9381,1476
ABS AUTO AS,5353,60.3613,5.122,5353
AUTO VIKEN AS,1543,59.5993,10.739,1543
GRIMSTAD ANTIRUST & BILPLEIE V/CHRISTIAN BJELLAND OLSEN,4886,58.3405,8.5934,4886
EVOAUTO AS,4639,58.1467,7.9956,4639
AUTO24 AS,2640,61.595,9.7513,2640
AUTOPORTAL AS,7041,63.4305,10.3951,7041
BILMARK AS,5164,60.3867,5.298,5164
ASKIM AUTO AS,1831,59.5822,11.1527,1831
ARUS BIL AS,3520,60.2802,10.3923,3520
VESTFOLD BILFORMIDLING AS,3089,59.4614,10.1432,3089
TELEMARK BILUTSALG AS,3967,59.013,9.5323,3967
VORTEX BIL & BUSS AS,1349,59.9284,10.4726,1349
NORSK AUTOSENTER AS,0675,59.9127,10.7461,0675
AK BILSENTER AS,2007,59.9752,11.0421,2007
ØSTFOLD BILSALG AS AVD ASKIM,1832,59.591,11.1312,1832
INVEST AUTO AS,1664,59.2634,11.005,1664
VIKEN BUSS OG BIL AS,1187,59.9127,10.7461,1187
SIGMA BIL,5224,60.3182,5.3532,5224
SIGMA BIL,5224,60.3182,5.3532,5224
ERA LINE AS,4031,58.9701,5.7333,4031
SIGMA BIL,5224,60.3182,5.3532,5224
MYCAR STAVANGER,4017,58.9701,5.7333,4017
AUTOSENTER STEFAN AS,2032,60.2635,11.0335,2032
BERGENSDALEN AS,5239,60.3106,5.3455,5239
GARDERMOEN BILSENTER AS,2072,60.252,11.1806,2072
GARDERMOEN BILSENTER AS,2072,60.252,11.1806,2072
AK BILSENTER AS,2007,59.9752,11.0421,2007
KLIKKBIL AS,3539,60.5565,10.0877,3539
ANKA AUTO AS,1053,59.9127,10.7461,1053
LUX AUTO CHEHAB,3732,59.192,9.6159,3732
MYCAR STAVANGER,4017,58.9701,5.7333,4017
EGELAND AUTO AS,4033,58.9701,5.7333,4033
HAMY AUTO AS,5155,60.3266,5.3024,5155
PLAY CAR AS,2060,60.1993,11.074,2060
LANGRUTE AS,1930,59.8202,11.6132,1930
H&S INVEST AS,2010,59.9487,11.0225,2010
RØHNESELMER AS AVD SALG ASKER,1396,59.8741,10.4842,1396
KLIKKBIL AS,3539,60.5565,10.0877,3539
DAHL IMPORT & SALG,4326,58.8524,5.7352,4326
BILTEAM AS,3735,59.1769,9.6167,3735
STRANDBYGDA VINTAGE GARAGE BY LANGHOLEN,2411,60.8819,11.5623,2411
ERA LINE AS,4031,58.9701,5.7333,4031
HAMY AUTO AS,5155,60.3266,5.3024,5155
TELEMARK BILUTSALG AS,3967,59.013,9.5323,3967
MOTORPARTNER AS,3023,59.752,10.1611,3023
ASKER BRUKTBIL AS,3470,59.7898,10.4948,3470
M.R AUTOHAWK AS,2020,60.0115,11.0337,2020
YDSE AUTO SALG AS,4636,58.1467,7.9956,4636
TELEMARK BILUTSALG AS,3967,59.013,9.5323,3967
TELEMARK BILUTSALG AS,3967,59.013,9.5323,3967
AUTOPORTAL AS,7041,63.4305,10.3951,7041
CARLSEN AS,5238,60.3106,5.3455,5238
INVIGO AS,3055,59.764,10.015,3055
KLIKKBIL AS,3539,60.5565,10.0877,3539
SIGMA BIL,5224,60.3182,5.3532,5224
ÅLESUND BRUKTBIL AS,6010,62.4723,6.1549,6010
LØRENSKOG BIL HAMA,2010,59.9487,11.0225,2010
AUTOPORTAL AS,7041,63.4305,10.3951,7041
ÅLESUND BRUKTBIL AS,6010,62.4723,6.1549,6010
AUTOLINKS AS,2312,60.7474,11.1366,2312
AUTORAMA AS,4053,58.9039,5.6237,4053
CMA BIL AS,3514,60.5565,10.0877,3514
AUTO UTVIK AS,5542,59.3765,5.2985,5542
FLISA BIL  AS,2270,60.6132,12.0109,2270
TELEMARK BILUTSALG AS,3967,59.013,9.5323,3967
KRISTIANIA BIL AS,1400,59.7136,10.8022,1400
FANA AUTO AS,5257,60.296,5.2655,5257
ASKER BRUKTBIL AS,3470,59.7898,10.4948,3470
TRYSIL BIL & BILUTLEIE AS,2420,61.3148,12.2637,2420
NEXT AUTO AS,1455,59.7599,10.6592,1455
FOLLO BIL & DELER AS,1410,59.8102,10.7985,1410
HAMY AUTO AS,5155,60.3266,5.3024,5155
AUTOSELEKT AS,1739,59.2693,11.1756,1739
SKEDSMO BIL HAMA,2000,59.9481,11.112,2000
KSL AUTO AS,1814,59.5912,11.1869,1814
AASEN AUTO,2213,60.1905,11.9977,2213
ERA LINE AS,4031,58.9701,5.7333,4031
AUTO HUB AS,1903,59.867,11.2387,1903
A AUTOPARK AS,3160,59.227,10.2856,3160
AUTO VEST AS,5536,59.4138,5.268,5536
PREMIUM AUTO AS,4636,58.1467,7.9956,4636
NORSK AUTOIMPORT AS,7058,63.4205,10.4968,7058
BILLAGERET AS,2323,60.8273,11.1324,2323
VS BIL AS,3027,59.7539,10.1184,3027
KALBAKKEN BIL AS,0975,59.9127,10.7461,0975
ERA LINE AS,4031,58.9701,5.7333,4031
BILER ZDRAVKOVIC,1850,59.6019,11.3933,1850
ÅLESUND BRUKTBIL AS,6010,62.4723,6.1549,6010
OUTLETSENTERET AS,3940,59.0817,9.6742,3940
EZ CARS AS,4319,58.8524,5.7352,4319
ABS AUTO AS,5353,60.3613,5.122,5353
AUTOMOBIL 1 AS,0665,59.9127,10.7461,0665
ILIA AS,1663,59.2538,10.9915,1663
CARLSEN AS,5238,60.3106,5.3455,5238
DM AUTO AS,3055,59.764,10.015,3055
FANA AUTO AS,5257,60.296,5.2655,5257
MOTORPARTNER AS,3023,59.752,10.1611,3023
S RØDSTEN BILFORRETNING AS,5462,59.9192,5.7919,5462
JuTo Bil AS,1476,59.9184,10.9381,1476
EGELAND AUTO AS,4033,58.9701,5.7333,4033
MOTORSENTERET HEIDAL AS,2676,61.7581,9.2844,2676
SENTRAL BIL AS,1472,59.953,10.9844,1472
SIGMA BIL,5224,60.3182,5.3532,5224
ERA LINE AS,4031,58.9701,5.7333,4031
BERGEN BILCENTER AS,5258,60.2825,5.2503,5258
BILLAGERET AS,2323,60.8273,11.1324,2323
NORDIC BIL AS,3080,59.567,10.158,3080
VIKING AUTO AS - c/o Zeljko Mrkovic,1188,59.9127,10.7461,1188
Nordens Elbil AS,2072,60.252,11.1806,2072
AUTOCARRERA AS,3940,59.0817,9.6742,3940
BTR MOTOR AS,3917,59.1327,9.6682,3917
ILIA AS,1663,59.2538,10.9915,1663
NORDIC BIL AS,3080,59.567,10.158,3080
BILNETT AS,3018,59.749,10.1832,3018
TTB AS,2092,60.4087,11.232,2092
ØSTFOLD BILSALG AS AVD ASKIM,1832,59.591,11.1312,1832
CARMAX AUTO ZELON MOHAMMED SABER SABER,3414,59.7553,10.2565,3414
HAUKEN AUTO AS,1414,59.8148,10.7817,1414
SCAN-EXPO AS,0983,59.9127,10.7461,0983
B AUTO ALHAJI,4365,58.6655,5.6379,4365
DOVRE BIL BERGEN,5257,60.296,5.2655,5257
CASTEL AUTO SALES AS,1661,59.2461,10.997,1661
CARLSEN AS,5238,60.3106,5.3455,5238
AUTOCARRERA AS,3940,59.0817,9.6742,3940
MOTORPARTNER AS,3023,59.752,10.1611,3023
ERGOCAR AS,0571,59.9127,10.7461,0571
DIN AUTO AS,1061,59.9127,10.7461,1061
BILLAGERET AS,2323,60.8273,11.1324,2323
AUTOLINKS AS,2312,60.7474,11.1366,2312
BM BIL OG MC,3516,60.5565,10.0877,3516
AUTO GARANTI SENTER AS,3040,59.7275,10.2415,3040
DIN BIL AS,5170,60.3578,5.2447,5170
NORSK AUTOSENTER AS,0675,59.9127,10.7461,0675
AUTOLINKS AS,2312,60.7474,11.1366,2312
MOBILE KJELLER AS,2007,59.9752,11.0421,2007
S.K MOTOR SENTER AS,3420,59.82,10.3245,3420
S.K MOTOR SENTER AS,3420,59.82,10.3245,3420
CARLSEN AS,5238,60.3106,5.3455,5238
AUTO UTVIK AS,5542,59.3765,5.2985,5542
NORDEN BIL AS,3048,59.7463,10.1072,3048
ROGALAND BRUKTBIL DARAWSHA,4340,58.7354,5.6477,4340
HAMY AUTO AS,5155,60.3266,5.3024,5155
VESTFOLD BILFORMIDLING AS,3089,59.4614,10.1432,3089
JACO FINANS AS,4332,58.7866,5.8155,4332
AUTOMOTORS AS,0581,59.9127,10.7461,0581
VAREBIL NO AS,1412,59.7999,10.8158,1412
AUTOHUSET VALDRES AS,2920,60.8458,9.383,2920
NORSK AUTOIMPORT AS,7058,63.4205,10.4968,7058
RENSHUS BIL AS,2647,61.5349,9.701,2647
SULLAND DRAMMEN AS BILFORRETNING/ADMINISTRASJON,3023,59.752,10.1611,3023
ROMERIKE AUTOHUS AS,2040,60.0539,11.1413,2040
AUTO GARANTI SENTER AS,3040,59.7275,10.2415,3040
ADM MOBILE AS,7374,62.5747,11.3842,7374
ÅKRA BIL AS AVD SALG,5538,59.4138,5.268,5538
MONOKO AS,0684,59.9127,10.7461,0684
AUTO NORDIC OMAR,3735,59.1769,9.6167,3735
BIL2 AS,7606,63.7464,11.2996,7606
AUTO VIKEN AS,1543,59.5993,10.739,1543
BIL2 AS,7606,63.7464,11.2996,7606
AUTO VIKEN AS,1543,59.5993,10.739,1543
OSLO BIL AUTO AS,1481,59.975,10.9391,1481
LØKKEMYRA BILPLEIE AS,6517,63.0243,7.8065,6517
A&M AUTO AMIN,5258,60.2825,5.2503,5258
MYCAR STAVANGER,4017,58.9701,5.7333,4017
AUTOPORTAL AS,7041,63.4305,10.3951,7041
NORDIC BIL AS,3080,59.567,10.158,3080
VORTEX BIL & BUSS AS,1349,59.9284,10.4726,1349
FJELL AUTO AS,5258,60.2825,5.2503,5258
CASTEL AUTO SALES AS,1661,59.2461,10.997,1661
MOTORPARTNER AS,3023,59.752,10.1611,3023
NORDBIL KENNETH CHRISTENSEN,3516,60.5565,10.0877,3516
SENTRAL BIL AS,1472,59.953,10.9844,1472
NORBIL ØST AS,1366,59.9088,10.629,1366
CASTEL AUTO SALES AS,1661,59.2461,10.997,1661
LANDÅS BIL AS,5143,60.4193,5.2856,5143
ÅLESUND BRUKTBIL AS,6010,62.4723,6.1549,6010
AQUA BIL AS,2625,61.1684,10.4048,2625
R A BIL ANDREASSEN,4051,58.8885,5.6528,4051
CASTEL AUTO SALES AS,1661,59.2461,10.997,1661
AUTORAMA AS,4053,58.9039,5.6237,4053
AUTO-V AS,4323,58.8524,5.7352,4323
ÅLESUND BRUKTBIL AS,6010,62.4723,6.1549,6010
SCAN-EXPO AS,0983,59.9127,10.7461,0983
BILSENTERET AS (PARADIS),5232,60.3366,5.3461,5232
BILLAGERET AS,2323,60.8273,11.1324,2323
JARLES BIL AS,3516,60.5565,10.0877,3516
AUTO-V AS,4323,58.8524,5.7352,4323
ASKER BRUKTBIL AS,3470,59.7898,10.4948,3470
BRUMUNDDAL BILPLEIE OG BYGGESERVICE AS,2383,60.8809,10.9395,2383
SENTRAL BIL AS,1472,59.953,10.9844,1472
BILLAGERET AS,2323,60.8273,11.1324,2323
BILLAGERET AS,2323,60.8273,11.1324,2323
AUTO VIKEN AS,1543,59.5993,10.739,1543
GRIMSTAD ANTIRUST & BILPLEIE V/CHRISTIAN BJELLAND OLSEN,4886,58.3405,8.5934,4886
ROGALAND BRUKTBIL DARAWSHA,4340,58.7354,5.6477,4340
SIGMA BIL,5224,60.3182,5.3532,5224
ÅLESUND BRUKTBIL AS,6010,62.4723,6.1549,6010
BMC BYGG AS,2387,60.8809,10.9395,2387
AUTORIA BIL AS AVD SALG ASKIM,1814,59.5912,11.1869,1814
OUTLETSENTERET AS,3940,59.0817,9.6742,3940
XANE BRUKTBIL MALEK ALAHMAD,4352,58.7742,5.6294,4352
BMC BYGG AS,2387,60.8809,10.9395,2387
BILIN BRUKTBIL AS,2060,60.1993,11.074,2060
NERLAND AUTOSALG AS,6445,62.8151,7.2432,6445
EVJEN BIL,3027,59.7539,10.1184,3027
BMC BYGG AS,2387,60.8809,10.9395,2387
BRUMUNDDAL BILPLEIE OG BYGGESERVICE AS,2383,60.8809,10.9395,2383
KANABI,0670,59.9127,10.7461,0670
ARUS BIL AS,3520,60.2802,10.3923,3520
SIGMA BIL,5224,60.3182,5.3532,5224
BILBASEN NORGE AS (DRAMMEN AUTO 1 AS),3027,59.7539,10.1184,3027
ÅLESUND BRUKTBIL AS,6010,62.4723,6.1549,6010
TELEMARK BILUTSALG AS,3967,59.013,9.5323,3967
SIGMA BIL,5224,60.3182,5.3532,5224
TELEMARK BILUTSALG AS,3967,59.013,9.5323,3967
SIGMA BIL,5224,60.3182,5.3532,5224
AUTOSELEKT AS,1739,59.2693,11.1756,1739
NORSK AUTOSENTER AS,0675,59.9127,10.7461,0675
SANDVIKA BIL AS AVD SANDVIKA,1338,59.8939,10.5157,1338
BRUKTBIL VEST AS,4031,58.9701,5.7333,4031
AUTO VIKEN AS,1543,59.5993,10.739,1543
ALDO BIL AS,0366,59.9127,10.7461,0366
ERA LINE AS,4031,58.9701,5.7333,4031
RUNE ELLINGSEN,5178,60.3688,5.2261,5178
FRÆNA BILPLEIE,6440,62.8543,7.1377,6440
AH AUTO HAFEEZ,3085,59.4921,10.3004,3085
SIGMA BIL,5224,60.3182,5.3532,5224
BUSKERUD AUTO,3036,59.6997,10.2572,3036
BILER ZDRAVKOVIC,1850,59.6019,11.3933,1850
FREDRIKSTAD BRUKTBIL AS,1617,59.2344,10.9694,1617
ÅLESUND BRUKTBIL AS,6010,62.4723,6.1549,6010
ARENDAL BIL AS,4847,58.4615,8.7725,4847
KA TRADING AS,4344,58.7354,5.6477,4344
BRUMUNDDAL BILPLEIE OG BYGGESERVICE AS,2383,60.8809,10.9395,2383
SIGMA BIL,5224,60.3182,5.3532,5224
KLIKKBIL AS,3539,60.5565,10.0877,3539
CARLSEN AS,5238,60.3106,5.3455,5238
KRISTO BIL AS,1555,59.489,10.6863,1555
RA BILVERKSTED AS,4636,58.1467,7.9956,4636
BÆRUM BRUKTBIL AS,1366,59.9088,10.629,1366
CARLSEN AS,5238,60.3106,5.3455,5238
Nordens Elbil AS,2072,60.252,11.1806,2072
LANDÅS BIL AS,5143,60.4193,5.2856,5143
GARDERMOEN BILSENTER AS,2072,60.252,11.1806,2072
MELHUS BIL TRONDHEIM AS AVD SALG TUNGASLETTA,7047,63.4305,10.3951,7047
RS AUTO AS,4016,58.9701,5.7333,4016
Auto kjeller as,2007,59.9752,11.0421,2007
AUTOLINQ AS,7513,63.468,10.9178,7513
SCAN-EXPO AS,0983,59.9127,10.7461,0983
ERA LINE AS,4031,58.9701,5.7333,4031
ENVY AUTO AS,4026,58.9701,5.7333,4026
EGELAND AUTO AS,4033,58.9701,5.7333,4033
ASKER BRUKTBIL AS,3470,59.7898,10.4948,3470
B AUTO ALHAJI,4365,58.6655,5.6379,4365
YDSE AUTO SALG AS,4636,58.1467,7.9956,4636
ASKIM AUTO AS,1831,59.5822,11.1527,1831
LANDÅS BIL AS,5143,60.4193,5.2856,5143
TL AUTO Terje Lund,3128,59.2597,10.3922,3128
RAKKESTAD AUTOSENTER AS,1890,59.4195,11.3494,1890
VOITURE INVEST AS,1414,59.8148,10.7817,1414
ARENDAL BIL AS,4847,58.4615,8.7725,4847
A AUTOPARK AS,3160,59.227,10.2856,3160
SIGMA BIL,5224,60.3182,5.3532,5224
BIL2 AS,7606,63.7464,11.2996,7606
EGELAND AUTO AS,4033,58.9701,5.7333,4033
TELEMARK BILUTSALG AS,3967,59.013,9.5323,3967
AUTO HUB AS,1903,59.867,11.2387,1903
CARLSEN AS,5238,60.3106,5.3455,5238
SIGMA BIL,5224,60.3182,5.3532,5224
BILLAGERET AS,2323,60.8273,11.1324,2323
CARLSEN AS,5238,60.3106,5.3455,5238
ØVRE ROMERRIKE SALG OG UTLEIE AS,2072,60.252,11.1806,2072
ASKER BRUKTBIL AS,3470,59.7898,10.4948,3470
KLIKKBIL AS,3539,60.5565,10.0877,3539
AUTO HUB AS,1903,59.867,11.2387,1903
AUTO HUB AS,1903,59.867,11.2387,1903
BILBRØDRENE AS,3735,59.1769,9.6167,3735
NORDEXCAR AS,5776,60.2667,6.5667,5776
CARLSEN AS,5238,60.3106,5.3455,5238
CASTEL AUTO SALES AS,1661,59.2461,10.997,1661
AUTO CEPONIS,3027,59.7539,10.1184,3027
SIGMA BIL,5224,60.3182,5.3532,5224
ÅLESUND BRUKTBIL AS,6010,62.4723,6.1549,6010
SIGMA BIL,5224,60.3182,5.3532,5224
KLEPP BILINVEST AS,4351,58.7742,5.6294,4351
AUTORAMA AS,4053,58.9039,5.6237,4053
SIGMA BIL,5224,60.3182,5.3532,5224
DRØMMEBIL AS,1461,59.938,10.9548,1461
TELEMARK BILUTSALG AS,3967,59.013,9.5323,3967
AH AUTO HAFEEZ,3085,59.4921,10.3004,3085
RS AUTO AS,4016,58.9701,5.7333,4016
BERGEN BILCENTER AS,5258,60.2825,5.2503,5258
AUTO CEPONIS,3027,59.7539,10.1184,3027
SYKKYLVEN BIL AS AVD SALG,6230,62.3959,6.5875,6230
SØRLANDET AUTO AS,4847,58.4615,8.7725,4847
MØLLER BIL BRUKTBIL AS AVD OUTLET ALNABRU,0668,59.9127,10.7461,0668
VORTEX BIL & BUSS AS,1349,59.9284,10.4726,1349
NORBIL ØST AS,1366,59.9088,10.629,1366
AUTO GARANTISTEN AS,3271,59.0774,10.0507,3271
WEBERG AUTO AS,1722,59.2715,11.0857,1722
KLIKKBIL AS,3539,60.5565,10.0877,3539
DIN AUTO AS,1061,59.9127,10.7461,1061
SIGMA BIL,5224,60.3182,5.3532,5224
AUTO GARANTI SENTER AS,3040,59.7275,10.2415,3040
SIGMA BIL,5224,60.3182,5.3532,5224
PÅL SIGURD MOSTAD,1605,59.2204,10.9478,1605
AUTOWAGON AS,4016,58.9701,5.7333,4016
EVJEN BIL,3027,59.7539,10.1184,3027
DINBRUKTBIL.NO AS,4351,58.7742,5.6294,4351
KALBAKKEN BIL AS,0975,59.9127,10.7461,0975
CARLSEN AS,5238,60.3106,5.3455,5238
SIGMA BIL,5224,60.3182,5.3532,5224
C.S BIL NORGE AS,3731,59.1977,9.5354,3731
AANESTAD BIL AS,4365,58.6655,5.6379,4365
FREDRIKSTAD BILPLEIE SERVICE FARHAD TAHA KADIR,1605,59.2204,10.9478,1605
SIGMA BIL,5224,60.3182,5.3532,5224
AUTO GARANTI SENTER AS,3040,59.7275,10.2415,3040
BIL-KOMPANIET AS,4053,58.9039,5.6237,4053
FREDRIKSTAD BILPLEIE SERVICE FARHAD TAHA KADIR,1605,59.2204,10.9478,1605
RIKE AUTO AS,3512,60.5565,10.0877,3512
AUTO X STAVANGER AS,4031,58.9701,5.7333,4031
AK BILSENTER AS,2007,59.9752,11.0421,2007
HOKKSUND AUTO AS,3302,59.7701,9.8764,3302
SEVLAND BIL AS,4250,59.2835,5.3067,4250
HAMY AUTO AS,5155,60.3266,5.3024,5155
ÅLESUND BRUKTBIL AS,6010,62.4723,6.1549,6010
AUTO X STAVANGER AS,4031,58.9701,5.7333,4031
KLIKKBIL AS,3539,60.5565,10.0877,3539
RA BILVERKSTED AS,4636,58.1467,7.9956,4636
ØSTFOLD BILSALG AS AVD ASKIM,1832,59.591,11.1312,1832
CLASSIC 11 AS,1364,59.8927,10.619,1364
A&M AUTO AMIN,5258,60.2825,5.2503,5258
BILAN AS,3027,59.7539,10.1184,3027
SIGMA BIL,5224,60.3182,5.3532,5224
ASKER BILMEGLING AS,1392,59.824,10.4731,1392
BIL2 AS,7606,63.7464,11.2996,7606
LUX AUTOSENTER AS,3115,59.2634,10.3989,3115
X AUTO AS,1900,59.9305,11.1667,1900
BILCONCEPT AS,4313,58.8524,5.7352,4313
RA BILVERKSTED AS,4636,58.1467,7.9956,4636
TELEMARK BILUTSALG AS,3967,59.013,9.5323,3967
AUTONOA AS,3713,59.1783,9.6413,3713
MOBILE TRADING AS,3170,59.2809,10.3315,3170
TELEMARK BILUTSALG AS,3967,59.013,9.5323,3967
TELEMARK BILUTSALG AS,3967,59.013,9.5323,3967
AUTOPARTNER OSLO AS,0668,59.9127,10.7461,0668
ASKIM AUTO AS,1831,59.5822,11.1527,1831
SIGMA BIL,5224,60.3182,5.3532,5224
BILMARK AS,5164,60.3867,5.298,5164
BMC BYGG AS,2387,60.8809,10.9395,2387
ERA LINE AS,4031,58.9701,5.7333,4031
BILSELGEREN AS,4636,58.1467,7.9956,4636
AUTOMOTORS AS,0581,59.9127,10.7461,0581
SIGMA BIL,5224,60.3182,5.3532,5224
ERA LINE AS,4031,58.9701,5.7333,4031
ERA LINE AS,4031,58.9701,5.7333,4031
SANDBERG BILFORMIDLING AS,1827,59.5757,10.8747,1827
MS AUTO AS,3512,60.5565,10.0877,3512
BERGEN AUTOMOBIL AS,5911,60.571,5.2349,5911
AUTO HUB AS,1903,59.867,11.2387,1903
MS AUTO AS,3512,60.5565,10.0877,3512
CARMAX AUTO ZELON MOHAMMED SABER SABER,3414,59.7553,10.2565,3414
TINIUS BILSENTER AS,1940,59.879,11.5629,1940
ASKER BRUKTBIL AS,3470,59.7898,10.4948,3470
MØLLER BIL BRUKTBIL AS AVD OUTLET ALNABRU,0668,59.9127,10.7461,0668
KLIKKBIL AS,3539,60.5565,10.0877,3539
AUTORAMA AS,4053,58.9039,5.6237,4053
ARENDAL BILSENTER AS,4815,58.4887,8.84,4815
PEDERSEN-BIL AS,3550,60.5565,10.0877,3550
SIGMA BIL,5224,60.3182,5.3532,5224
SCAN-EXPO AS,0983,59.9127,10.7461,0983
ARENDAL BILSENTER AS,4815,58.4887,8.84,4815
CARLSEN AS,5238,60.3106,5.3455,5238
MOBILE TRADING AS,3170,59.2809,10.3315,3170
STRADA HOLDING AS,7047,63.4305,10.3951,7047
C.S BIL NORGE AS,3731,59.1977,9.5354,3731
BILCONCEPT AS,4313,58.8524,5.7352,4313
SM AUTO AS,4839,58.4615,8.7725,4839
SELECT AUTO AS,2067,60.1551,11.1387,2067
KANABI,0670,59.9127,10.7461,0670
CMA BIL AS,3514,60.5565,10.0877,3514
AUTOMOTOR AS,3735,59.1769,9.6167,3735
AUTOMOTOR AS,3735,59.1769,9.6167,3735
OSLO VAREBILSENTER Abdellatif Lyoubi,0580,59.9127,10.7461,0580
BIZ BIL AS,0678,59.9127,10.7461,0678
FREDRIKSTAD BIL AS,1624,59.2282,10.9056,1624
EXXAL MINKOV OG SØNN,5780,60.3757,6.7195,5780
SANDBERG BILFORMIDLING AS,1827,59.5757,10.8747,1827
AUTOMOTOR AS,3735,59.1769,9.6167,3735
AUTO X STAVANGER AS,4031,58.9701,5.7333,4031
RA BILVERKSTED AS,4636,58.1467,7.9956,4636
BILER ZDRAVKOVIC,1850,59.6019,11.3933,1850
DRAMMEN AUTO 7 AS,3024,59.7543,10.1425,3024
JuTo Bil AS,1476,59.9184,10.9381,1476
SM AUTO AS,4839,58.4615,8.7725,4839
N-AUTO,4250,59.2835,5.3067,4250
BILSELGEREN AS,4636,58.1467,7.9956,4636
BILTEAM AS,3735,59.1769,9.6167,3735
ASKIM AUTO AS,1831,59.5822,11.1527,1831
FREDRIKSTAD BILPLEIE SERVICE FARHAD TAHA KADIR,1605,59.2204,10.9478,1605
NOR AUTO TRADE STEGNJAIC,1467,59.9409,11.0085,1467
KARS NENSET AS AVD SKIEN,3735,59.1769,9.6167,3735
KRODA AS,4810,58.4998,8.8644,4810
AUTOSTRADA SERVICESENTER AS,2312,60.7474,11.1366,2312
ASKIM AUTO AS,1831,59.5822,11.1527,1831
ARUS BIL AS,3520,60.2802,10.3923,3520
BILLAGERET AS,2323,60.8273,11.1324,2323
S.K MOTOR SENTER AS,3414,59.7553,10.2565,3414
SØRLANDET AUTO AS,4847,58.4615,8.7725,4847
AASEN AUTO,2213,60.1905,11.9977,2213
TELEMARK BILUTSALG AS,3967,59.013,9.5323,3967
A AUTOPARK AS,3160,59.227,10.2856,3160
BRUMUNDDAL BILPLEIE OG BYGGESERVICE AS,2383,60.8809,10.9395,2383
1000 FIX,2322,60.8013,11.1305,2322
VORTEX BIL & BUSS AS,1349,59.9284,10.4726,1349
AUTOMOTOR AS,3735,59.1769,9.6167,3735
KM AUTO AS (NY),3018,59.749,10.1832,3018
I. H. SERVICE AS,2055,60.1863,11.256,2055
JuTo Bil AS,1476,59.9184,10.9381,1476
AUTOMOTORS AS,0581,59.9127,10.7461,0581
AUTO SYD AS,7032,63.4305,10.3951,7032
NYHAGEN SALG OG SERVICE,2323,60.8273,11.1324,2323
AUTO X STAVANGER AS,4031,58.9701,5.7333,4031
AUTOMOBIL 1 AS,0665,59.9127,10.7461,0665
BILER ZDRAVKOVIC,1850,59.6019,11.3933,1850
AUTO X STAVANGER AS,4031,58.9701,5.7333,4031
TIND BIL AS,6416,62.7375,7.1591,6416
MONOKO AS,0684,59.9127,10.7461,0684
Nordens Elbil AS,2072,60.252,11.1806,2072
ÅLESUND BRUKTBIL AS,6010,62.4723,6.1549,6010
BILLAGERET AS,2323,60.8273,11.1324,2323
BILLAGERET AS,2323,60.8273,11.1324,2323
TELEMARK BILUTSALG AS,3967,59.013,9.5323,3967
NORSK AUTOSENTER AS,0675,59.9127,10.7461,0675
CARMAX AUTO ZELON MOHAMMED SABER SABER,3414,59.7553,10.2565,3414
PA TEKNIKK AS,5239,60.3106,5.3455,5239
AUTOWAGON AS,4016,58.9701,5.7333,4016
AUTOWAGON AS,4016,58.9701,5.7333,4016
WANGEN AUTO AS,2322,60.8013,11.1305,2322
AASEN AUTO,2213,60.1905,11.9977,2213
A AUTO AS,1266,59.9127,10.7461,1266
A AUTO AS,1266,59.9127,10.7461,1266
ROMERIKE AUTOSALG AS,2066,60.1479,11.1702,2066
CARLSEN AS,5238,60.3106,5.3455,5238
BJ BIL 1 AS,5052,60.393,5.3242,5052
ÅLESUND BRUKTBIL AS,6010,62.4723,6.1549,6010
BILAN AS,3027,59.7539,10.1184,3027
BIL2 AS,7606,63.7464,11.2996,7606
NORDEN BIL AS,3048,59.7463,10.1072,3048
BILLAGERET AS,2323,60.8273,11.1324,2323
BILER ZDRAVKOVIC,1850,59.6019,11.3933,1850
CARLSEN AS,5238,60.3106,5.3455,5238
BILLAGERET AS,2323,60.8273,11.1324,2323
CLASSIC 11 AS,1364,59.8927,10.619,1364
NORDICAUTO AS,1718,59.2703,11.0464,1718
ERA LINE AS,4031,58.9701,5.7333,4031
BRAVO AUTO AS,4031,58.9701,5.7333,4031
AUTOWAGON AS,4016,58.9701,5.7333,4016
ROGALAND BRUKTBIL DARAWSHA,4340,58.7354,5.6477,4340
DE INVEST AS,1350,60.0266,10.4418,1350
S.K MOTOR SENTER AS,3414,59.7553,10.2565,3414
UNIKBIL AS,3043,59.7289,10.2079,3043
MOTORPARTNER AS,3023,59.752,10.1611,3023
TELEMARK BILUTSALG AS,3967,59.013,9.5323,3967
BILIKER AS,3530,60.5565,10.0877,3530
EXXAL MINKOV OG SØNN,5780,60.3757,6.7195,5780
ÅKRA BIL AS AVD SALG,5538,59.4138,5.268,5538
DRAMMEN AUTO 7 AS,3024,59.7543,10.1425,3024
RØHNESELMER AS AVD HØNEFOSS,3511,60.5565,10.0877,3511
DIN BIL AS,5170,60.3578,5.2447,5170
TELEMARK BILUTSALG AS,3967,59.013,9.5323,3967
BILLAGERET AS,2323,60.8273,11.1324,2323
SKEDSMO BIL HAMA,2000,59.9481,11.112,2000
ALTIAUTO AS,4846,58.4615,8.7725,4846
HINNA AUTO NILSEN,4016,58.9701,5.7333,4016
ELVEBYEN AUTO AS,3044,59.7363,10.2087,3044
PLAY CAR AS,2060,60.1993,11.074,2060
AUTO UTVIK AS,5542,59.3765,5.2985,5542
GP AUTO MARTIN KONGSVOLD,2080,60.3307,11.2634,2080
AUTO VIKEN AS,1543,59.5993,10.739,1543
ASKER BRUKTBIL AS,3470,59.7898,10.4948,3470
CARLSEN AS,5238,60.3106,5.3455,5238
SØRLANDET AUTO AS,4847,58.4615,8.7725,4847
HMA BUSS AS,1088,59.9127,10.7461,1088
LØRENSKOG BIL HAMA,2010,59.9487,11.0225,2010
FREDRIKSTAD AUTOSALG AS,1617,59.2344,10.9694,1617
EVJEN BIL,3027,59.7539,10.1184,3027
BILLAGERET AS,2323,60.8273,11.1324,2323
AUTOTRADE AS,3946,59.1213,9.6922,3946
TELEMARK BILUTSALG AS,3967,59.013,9.5323,3967
SENTRAL BIL AS,1472,59.953,10.9844,1472
ABS AUTO AS,5353,60.3613,5.122,5353
FREDRIKSTAD BILPLEIE SERVICE FARHAD TAHA KADIR,1605,59.2204,10.9478,1605
CARLSEN AS,5238,60.3106,5.3455,5238
CARLSEN AS,5238,60.3106,5.3455,5238
AUTOMOTOR AS,3735,59.1769,9.6167,3735
GRIMSTAD ANTIRUST & BILPLEIE V/CHRISTIAN BJELLAND OLSEN,4886,58.3405,8.5934,4886
BIL DEAL AS,5239,60.3106,5.3455,5239
VIKING AUTO AS - c/o Zeljko Mrkovic,1188,59.9127,10.7461,1188
SKEDSMO BIL HAMA,2000,59.9481,11.112,2000
AUTO CEPONIS,3027,59.7539,10.1184,3027
ELVEBYEN AUTO AS,3044,59.7363,10.2087,3044
BILLAGERET AS,2323,60.8273,11.1324,2323
SULLAND DRAMMEN AS BILFORRETNING/ADMINISTRASJON,3023,59.752,10.1611,3023
BMC BYGG AS,2387,60.8809,10.9395,2387
OLTEDAL BIL YURII VYHADANCHUK,4333,58.8286,6.0369,4333
BRUMUNDDAL BILPLEIE OG BYGGESERVICE AS,2383,60.8809,10.9395,2383
BMC BYGG AS,2387,60.8809,10.9395,2387
AUTOPORTAL AS,7041,63.4305,10.3951,7041
JT DREAM CAR AS,1930,59.8202,11.6132,1930
FLYTTOM AS,4027,58.9701,5.7333,4027
NORDEN BIL AS,3048,59.7463,10.1072,3048
BILLAGERET AS,2323,60.8273,11.1324,2323
SØRLANDET AUTO AS,4847,58.4615,8.7725,4847
S.K MOTOR SENTER AS,3414,59.7553,10.2565,3414
ØVRE ROMERRIKE SALG OG UTLEIE AS,2072,60.252,11.1806,2072
MOTORPARTNER AS,3023,59.752,10.1611,3023
BIL M AS,1470,59.938,10.9548,1470
CARLSEN AS,5238,60.3106,5.3455,5238
DTE - SYSTEMS AS,2827,60.7833,10.6333,2827
BMB BIL AS,2827,60.7833,10.6333,2827
MS BRUMUNDDAL EIENDOMSSERVICE OG BILOUTLET AS,2380,60.8809,10.9395,2380
EVJEN BIL,3027,59.7539,10.1184,3027
BIL OG MIRAKEL AS,3539,60.5565,10.0877,3539
Auto kjeller as,2007,59.9752,11.0421,2007
ASKER BRUKTBIL AS,3470,59.7898,10.4948,3470
XANE BRUKTBIL MALEK ALAHMAD,4352,58.7742,5.6294,4352
BRAVO AUTO AS,4031,58.9701,5.7333,4031
ØKO BIL AS,6800,61.4522,5.8572,6800
BMC BYGG AS,2387,60.8809,10.9395,2387
ARENDAL BILSENTER AS,4815,58.4887,8.84,4815
ELVEBYEN AUTO AS,3044,59.7363,10.2087,3044
ASKER BRUKTBIL AS,3470,59.7898,10.4948,3470
AUTOMOTOR AS,3735,59.1769,9.6167,3735
TRANSNORD AS,0571,59.9127,10.7461,0571
TELEMARK BILUTSALG AS,3967,59.013,9.5323,3967
RUDI AUTO,2053,60.1369,11.1853,2053
OUTLET BY OPPEGÅRD,2022,60.0774,11.0245,2022
BIL OG MIRAKEL AS,3539,60.5565,10.0877,3539
KALMAN ROSZEL,2022,60.0774,11.0245,2022
N-AUTO,4250,59.2835,5.3067,4250
BRUMUNDDAL BILPLEIE OG BYGGESERVICE AS,2383,60.8809,10.9395,2383
DTE - SYSTEMS AS,2827,60.7833,10.6333,2827
INVIGO AS,3055,59.764,10.015,3055
HVALER BRUKTBIL AS,1661,59.2461,10.997,1661
TVEITEN BIL AS,4250,59.2835,5.3067,4250
BIL AUTO AS,1710,59.295,11.099,1710
AUTORAMA AS,4053,58.9039,5.6237,4053
MOTORPARTNER AS,3023,59.752,10.1611,3023
BIL 1 BERGEN AS,5068,60.393,5.3242,5068
SANDBERG BILFORMIDLING AS,1827,59.5757,10.8747,1827
ALDO BIL AS,0366,59.9127,10.7461,0366
S.K MOTOR SENTER AS,3414,59.7553,10.2565,3414
PLANET X KRYVENKO,6420,62.7375,7.1591,6420
FJELL AUTO AS,5258,60.2825,5.2503,5258
PER AALAND AS AVD HANDEL/ADMINISTRASJON,6011,62.4723,6.1549,6011
PLANET X KRYVENKO,6420,62.7375,7.1591,6420
FOLLO BILSENTER AS,1820,59.6865,11.2128,1820
DIN BIL AS,5170,60.3578,5.2447,5170
ÅLESUND BRUKTBIL AS,6010,62.4723,6.1549,6010
MS BRUMUNDDAL EIENDOMSSERVICE OG BILOUTLET AS,2380,60.8809,10.9395,2380
AUTOAMA AS,3735,59.1769,9.6167,3735
BILER ZDRAVKOVIC,1850,59.6019,11.3933,1850
AZ BILSERVICE AS,1531,59.4338,10.6575,1531
BMC BYGG AS,2387,60.8809,10.9395,2387
AUTOPORTAL AS,7041,63.4305,10.3951,7041
PLAY CAR AS,2060,60.1993,11.074,2060
AK BILSENTER AS,2007,59.9752,11.0421,2007
WANGEN AUTO AS,2322,60.8013,11.1305,2322
B AUTO ALHAJI,4365,58.6655,5.6379,4365
TELEMARK BILUTSALG AS,3967,59.013,9.5323,3967
BRUKTBIL SENTERET AS,1187,59.9127,10.7461,1187
BIL2 AS,7606,63.7464,11.2996,7606
DIAMANT BILPLEIE & BILSALG AS,1623,59.2036,10.8582,1623
BIL2 AS,7606,63.7464,11.2996,7606
AUTO HUB AS,1903,59.867,11.2387,1903
CARLSEN AS,5238,60.3106,5.3455,5238
NORSK AUTOSENTER AS,0675,59.9127,10.7461,0675
SANDBERG BILFORMIDLING AS,1827,59.5757,10.8747,1827
ARUS BIL AS,3520,60.2802,10.3923,3520
BILLAGERET AS,2323,60.8273,11.1324,2323
MS AUTO AS,3512,60.5565,10.0877,3512
SKAGEN BIL AS,1465,59.9535,11.0029,1465
TRYSIL BIL & BILUTLEIE AS,2420,61.3148,12.2637,2420
BILSALONG 1 AS,1661,59.2461,10.997,1661
SIGMA BIL,5224,60.3182,5.3532,5224
INVEST AUTO AS,1664,59.2634,11.005,1664
WANGEN AUTO AS,2322,60.8013,11.1305,2322
KM AUTO AS (NY),3018,59.749,10.1832,3018
KLEPP BILINVEST AS,4351,58.7742,5.6294,4351
CARLSEN AS,5238,60.3106,5.3455,5238
BIL OG MIRAKEL AS,3539,60.5565,10.0877,3539
GARDERMOEN BILSENTER AS,2072,60.252,11.1806,2072
N-AUTO,4250,59.2835,5.3067,4250
ELVEBYEN AUTO AS,3044,59.7363,10.2087,3044
A&M AUTO AMIN,5258,60.2825,5.2503,5258
BILBRØDRENE AS,3735,59.1769,9.6167,3735
BIL OG MIRAKEL AS,3539,60.5565,10.0877,3539
NORSK AUTOSENTER AS,0675,59.9127,10.7461,0675
PA TEKNIKK AS,5239,60.3106,5.3455,5239
BIZ BIL AS,0678,59.9127,10.7461,0678
PA TEKNIKK AS,5239,60.3106,5.3455,5239
ARTIN' S CAR AS,3128,59.2597,10.3922,3128
OSLO BIL AUTO AS,1481,59.975,10.9391,1481
TRANSNORD AS,0571,59.9127,10.7461,0571
N-AUTO,4250,59.2835,5.3067,4250
ARTIN' S CAR AS,3128,59.2597,10.3922,3128
Møller Bil Bruktbil AS Innkjøpsavdelingen,2013,59.9663,10.9954,2013
C.S BIL NORGE AS,3731,59.1977,9.5354,3731
ROGALAND BRUKTBIL DARAWSHA,4340,58.7354,5.6477,4340
ÅLESUND BRUKTBIL AS,6010,62.4723,6.1549,6010
FJELL AUTO AS,5258,60.2825,5.2503,5258
ARUS BIL AS,3520,60.2802,10.3923,3520
BILCONCEPT AS,4313,58.8524,5.7352,4313
BILAN AS,3027,59.7539,10.1184,3027
OSLO BIL AUTO AS,1481,59.975,10.9391,1481
CARLSEN AS,5238,60.3106,5.3455,5238
NMC AUTO AS,1903,59.867,11.2387,1903
WIIK AUTO AS,2335,60.718,11.1942,2335
FLASH BIL AS,4022,58.9701,5.7333,4022
MULTI TRADE AUTO AS,7078,63.3671,10.3526,7078
DIN BIL AS,5170,60.3578,5.2447,5170
DIN AUTO AS,1061,59.9127,10.7461,1061
PLAY CAR AS,2060,60.1993,11.074,2060
NORDIKO BIL AS,3029,59.7616,10.1268,3029
GARDERMOEN AUTOPARTNER AS,2072,60.252,11.1806,2072
AUTO RS AS,3027,59.7539,10.1184,3027
BRUMUNDDAL BILPLEIE OG BYGGESERVICE AS,2383,60.8809,10.9395,2383
BJØRDAL BIL AS,6160,62.1895,6.0632,6160
AUTO TJUVHOLMEN AS,1364,59.8927,10.619,1364
ROGALAND BRUKTBIL DARAWSHA,4340,58.7354,5.6477,4340
CARLSEN AS,5238,60.3106,5.3455,5238
MS AUTO AS,3512,60.5565,10.0877,3512
ÅLESUND BRUKTBIL AS,6010,62.4723,6.1549,6010
ABC BILSALG AS,2000,59.9481,11.112,2000
E H AUTO AS,4520,58.3669,7.3957,4520
OUTLETSENTERET AS,3940,59.0817,9.6742,3940
RUNE ELLINGSEN,5178,60.3688,5.2261,5178
AUTO B AS,3055,59.764,10.015,3055
SANDVIKA BIL AS AVD SANDVIKA,1338,59.8939,10.5157,1338
GARDERMOEN BILSENTER AS,2072,60.252,11.1806,2072
WANGEN AUTO AS,2322,60.8013,11.1305,2322
MS AUTO AS,3512,60.5565,10.0877,3512
ASKIM AUTO AS,1831,59.5822,11.1527,1831
FREDRIKSTAD BRUKTBIL AS,1617,59.2344,10.9694,1617
SIGMA BIL,5224,60.3182,5.3532,5224
AUTOWAGON AS,4016,58.9701,5.7333,4016
BIL OG MIRAKEL AS,3539,60.5565,10.0877,3539
ØKO BIL AS,6800,61.4522,5.8572,6800
AZ BILSERVICE AS,1531,59.4338,10.6575,1531
VIKING AUTO AS - c/o Zeljko Mrkovic,1188,59.9127,10.7461,1188
SANDEFJORD AUTOSENTER AS,3236,59.1265,10.2693,3236
ÅLESUND BRUKTBIL AS,6010,62.4723,6.1549,6010
JARLES BIL AS,3516,60.5565,10.0877,3516
BERGEN BILCENTER AS,5258,60.2825,5.2503,5258
BILBRØDRENE AS,3735,59.1769,9.6167,3735
INVIGO AS,3055,59.764,10.015,3055
INVIGO AS,3055,59.764,10.015,3055
A AUTO AS,1266,59.9127,10.7461,1266
AUTOMOTOR AS,3735,59.1769,9.6167,3735
RA BILVERKSTED AS,4636,58.1467,7.9956,4636
EL-LAHAM AUTO,7082,63.3454,10.3326,7082
CASTEL AUTO SALES AS,1661,59.2461,10.997,1661
BN OSLO AS,0454,59.9127,10.7461,0454
ARENDAL MOTOR AS,4847,58.4615,8.7725,4847
BRENNES AUTO FREDRIKSTAD AS,1617,59.2344,10.9694,1617
AUTOMOTOR AS,3735,59.1769,9.6167,3735
FLISA BIL  AS,2270,60.6132,12.0109,2270
C.S BIL NORGE AS,3731,59.1977,9.5354,3731
FURUSETH CAR,1470,59.938,10.9548,1470
BMB BIL AS,2827,60.7833,10.6333,2827
VALLE BIL AS,5227,60.3182,5.3532,5227
ASKIM AUTO AS,1831,59.5822,11.1527,1831
AZ BILSERVICE AS,1531,59.4338,10.6575,1531
ABS AUTO AS,5353,60.3613,5.122,5353
MILA BIL AS,2500,62.2759,10.7824,2500
AUESTAD INVEST,5357,60.3304,5.0763,5357
LØRENSKOG BIL HAMA,2010,59.9487,11.0225,2010
BULIC AUTO,2849,60.7143,10.8577,2849
DTE - SYSTEMS AS,2827,60.7833,10.6333,2827
DIAMANT BILPLEIE & BILSALG AS,1623,59.2036,10.8582,1623
LIKA CARS OG TRANSPORT AS,7374,62.5747,11.3842,7374
ALDO BIL AS,0366,59.9127,10.7461,0366
BIL OG MIRAKEL AS,3539,60.5565,10.0877,3539
ARUS BIL AS,3520,60.2802,10.3923,3520
TELEMARK BILUTSALG AS,3967,59.013,9.5323,3967
N-AUTO,4250,59.2835,5.3067,4250
C.S BIL NORGE AS,3731,59.1977,9.5354,3731
SELECT CAR AS,1923,60.0225,11.2314,1923
MOLDE AUTOSALG AS,6456,62.7766,7.5345,6456
ÅLESUND BRUKTBIL AS,6010,62.4723,6.1549,6010
KLEPP BILINVEST AS,4351,58.7742,5.6294,4351
AUTOVIVA AS,2022,60.0774,11.0245,2022
AR BIL AS,2850,60.6739,10.8132,2850
OLDTIMERS WORKSHOP JAKOBSEN,1892,59.3318,11.4497,1892
AUTO X STAVANGER AS,4031,58.9701,5.7333,4031
DIAMANT BILPLEIE & BILSALG AS,1623,59.2036,10.8582,1623
NERLAND AUTOSALG AS,6445,62.8151,7.2432,6445
PLANET X KRYVENKO,6420,62.7375,7.1591,6420
ØSTFOLD BRUKTBIL AS,1711,59.2832,11.0876,1711
KALMAN ROSZEL,2022,60.0774,11.0245,2022
MS BRUMUNDDAL EIENDOMSSERVICE OG BILOUTLET AS,2380,60.8809,10.9395,2380
INVIGO AS,3055,59.764,10.015,3055
Auto kjeller as,2007,59.9752,11.0421,2007
ÅLESUND BRUKTBIL AS,6010,62.4723,6.1549,6010
ÅLESUND BRUKTBIL AS,6010,62.4723,6.1549,6010
A&M AUTO AMIN,5258,60.2825,5.2503,5258
ASKIM AUTO AS,1831,59.5822,11.1527,1831
EXHIBITIONPOINT AS,1170,59.9127,10.7461,1170
CARMAX AUTO ZELON MOHAMMED SABER SABER,3414,59.7553,10.2565,3414
AUTO VIKEN AS,1543,59.5993,10.739,1543
ÅLESUND BRUKTBIL AS,6010,62.4723,6.1549,6010
AUTOTAL AS,7340,62.5943,9.6912,7340
ÅLESUND BRUKTBIL AS,6010,62.4723,6.1549,6010
SKIEN BILFORUM AS,3726,59.2165,9.5699,3726
AH AUTO HAFEEZ,3085,59.4921,10.3004,3085
ABS AUTO AS,5353,60.3613,5.122,5353
RING AUTO SERVICE AS,3510,60.5565,10.0877,3510
AUTOWAGON AS,4016,58.9701,5.7333,4016
AH AUTO HAFEEZ,3085,59.4921,10.3004,3085
RIKE AUTO AS,3512,60.5565,10.0877,3512
ALDO BIL AS,0366,59.9127,10.7461,0366
CARLSEN AS,5238,60.3106,5.3455,5238
MOELVEN AUTO AS,2390,60.9333,10.7,2390
AUTO LINK AS,2318,60.7945,11.068,2318
EGELAND AUTO AS,4033,58.9701,5.7333,4033
KLEPP BILINVEST AS,4351,58.7742,5.6294,4351
SCAN-EXPO AS,0983,59.9127,10.7461,0983
AUTO DUHOKI AHMED,1706,59.2822,11.118,1706
AK BILSENTER AS,2007,59.9752,11.0421,2007
BIL EXPORT AS,0665,59.9127,10.7461,0665
MOBILE TRADING AS,3170,59.2809,10.3315,3170
NORSK AUTOIMPORT AS,7058,63.4205,10.4968,7058
AUTO DUHOKI AHMED,1706,59.2822,11.118,1706
AQUA BIL AS,2625,61.1684,10.4048,2625
SULLAND DRAMMEN AS BILFORRETNING/ADMINISTRASJON,3023,59.752,10.1611,3023
ZENTRUM AUTOCAR AS,2072,60.252,11.1806,2072
AUTOMOTOR AS,3735,59.1769,9.6167,3735
BILLAGERET AS,2323,60.8273,11.1324,2323
ELVERUMBIL AS,2406,60.8819,11.5623,2406
ELVEBYEN AUTO AS,3044,59.7363,10.2087,3044
ABS AUTO AS,5353,60.3613,5.122,5353
NORDIC BIL AS,3080,59.567,10.158,3080
TRANSNORD AS,0571,59.9127,10.7461,0571
B AUTO ALHAJI,4365,58.6655,5.6379,4365
B AUTO ALHAJI,4365,58.6655,5.6379,4365
MODUM AUTOSALG HEREM RAMADAN ABDULLAH,3340,59.9036,9.9142,3340
CLASSIC 11 AS,1364,59.8927,10.619,1364
ABS AUTO AS,5353,60.3613,5.122,5353
AUTO CEPONIS,3027,59.7539,10.1184,3027
ABS AUTO AS,5353,60.3613,5.122,5353
AUTO VIKEN AS,1543,59.5993,10.739,1543
BILER ZDRAVKOVIC,1850,59.6019,11.3933,1850
BERTEL O. STEEN BERGEN AS AVD KOKSTAD,5257,60.296,5.2655,5257
B AUTO ALHAJI,4365,58.6655,5.6379,4365
BIL OG MIRAKEL AS,3539,60.5565,10.0877,3539
AUTO CEPONIS,3027,59.7539,10.1184,3027
ÅLESUND BRUKTBIL AS,6010,62.4723,6.1549,6010
SKIEN BILFORUM AS,3726,59.2165,9.5699,3726
AUTO X STAVANGER AS,4031,58.9701,5.7333,4031
AUTOMOTOR AS,3735,59.1769,9.6167,3735
ÅLESUND BRUKTBIL AS,6010,62.4723,6.1549,6010
ELVEBYEN AUTO AS,3044,59.7363,10.2087,3044
PLAY CAR AS,2060,60.1993,11.074,2060
VIKING AUTO AS - c/o Zeljko Mrkovic,1188,59.9127,10.7461,1188
ASKIM AUTO AS,1831,59.5822,11.1527,1831
RA BILVERKSTED AS,4636,58.1467,7.9956,4636
CARLSEN AS,5238,60.3106,5.3455,5238
FJELL AUTO AS,5258,60.2825,5.2503,5258
BROEN BIL AS,0680,59.9127,10.7461,0680
ERA LINE AS,4031,58.9701,5.7333,4031
KLEPP BILINVEST AS,4351,58.7742,5.6294,4351
TRYSIL BIL & BILUTLEIE AS,2420,61.3148,12.2637,2420
AUTO BEN AS,3055,59.764,10.015,3055
AUTOSENTER STEFAN AS,2032,60.2635,11.0335,2032
AUTOTRADE AS,3946,59.1213,9.6922,3946
KRISTIANSEN BIL & DELER,5357,60.3304,5.0763,5357
BILER ZDRAVKOVIC,1850,59.6019,11.3933,1850
AUTOMOTOR AS,3735,59.1769,9.6167,3735
AQUA BIL AS,2625,61.1684,10.4048,2625
ERA LINE AS,4031,58.9701,5.7333,4031
N-AUTO,4250,59.2835,5.3067,4250
BILER ZDRAVKOVIC,1850,59.6019,11.3933,1850
GREENSAVE AS,4319,58.8524,5.7352,4319
GARDERMOEN AUTOPARTNER AS,2072,60.252,11.1806,2072
AUTORAMA AS,4053,58.9039,5.6237,4053
HETLE AUTO ANR AS,6827,61.7542,6.2677,6827
ÅLESUND BRUKTBIL AS,6010,62.4723,6.1549,6010
A&M AUTO AMIN,5258,60.2825,5.2503,5258
NORSK AUTOIMPORT AS,7058,63.4205,10.4968,7058
BMC BYGG AS,2387,60.8809,10.9395,2387
MOTORPARTNER AS,3023,59.752,10.1611,3023
SIGMA BIL,5224,60.3182,5.3532,5224
BMC BYGG AS,2387,60.8809,10.9395,2387
AUTO X STAVANGER AS,4031,58.9701,5.7333,4031
BILLAGERET AS,2323,60.8273,11.1324,2323
KRISTIANSEN BIL & DELER,5357,60.3304,5.0763,5357
BH BIL AS,3726,59.2165,9.5699,3726
SO CARS AS,4887,58.3405,8.5934,4887
AUTORAMA AS,4053,58.9039,5.6237,4053
ØSTFOLD BILSALG AS AVD ASKIM,1832,59.591,11.1312,1832
BILLAGERET AS,2323,60.8273,11.1324,2323
STAVANGER AUTOSALG AS,4016,58.9701,5.7333,4016
NESODDEN BIL OG KAROSSERI Østby,1458,59.7929,10.615,1458
PLANET X KRYVENKO,6420,62.7375,7.1591,6420
NMC AUTO AS,1903,59.867,11.2387,1903
ABC BILSALG AS,2000,59.9481,11.112,2000
TELEMARK BILUTSALG AS,3967,59.013,9.5323,3967
ØSTFOLD BILSALG AS AVD ASKIM,1832,59.591,11.1312,1832
BILLAGERET AS,2323,60.8273,11.1324,2323
ROGALAND BRUKTBIL DARAWSHA,4340,58.7354,5.6477,4340
ERA LINE AS,4031,58.9701,5.7333,4031
A AUTO AS,1266,59.9127,10.7461,1266
ANTONSEN AUTO AS,3940,59.0817,9.6742,3940
BIL OG MIRAKEL AS,3539,60.5565,10.0877,3539
GARDERMOEN BRUKTBIL AS,2052,60.1385,11.2113,2052
SIGMA BIL,5224,60.3182,5.3532,5224
SIGMA BIL,5224,60.3182,5.3532,5224
TELEMARK BILUTSALG AS,3967,59.013,9.5323,3967
ERA LINE AS,4031,58.9701,5.7333,4031
TELEMARK BILUTSALG AS,3967,59.013,9.5323,3967
VALLE BIL AS,5227,60.3182,5.3532,5227
A&M AUTO AMIN,5258,60.2825,5.2503,5258
FINSTAD BIL AS,3219,59.1141,10.247,3219
BRUMUNDDAL BILPLEIE OG BYGGESERVICE AS,2383,60.8809,10.9395,2383
VORTEX BIL & BUSS AS,1349,59.9284,10.4726,1349
TELEMARK BILUTSALG AS,3967,59.013,9.5323,3967
BILMARK AS,5164,60.3867,5.298,5164
TELEMARK BILUTSALG AS,3967,59.013,9.5323,3967
ASKIM AUTO AS,1831,59.5822,11.1527,1831
EVJEN BIL,3027,59.7539,10.1184,3027
AUTO B AS,3055,59.764,10.015,3055
MS BRUMUNDDAL EIENDOMSSERVICE OG BILOUTLET AS,2380,60.8809,10.9395,2380
DRAMMEN AUTO 7 AS,3024,59.7543,10.1425,3024
SIGMA BIL,5224,60.3182,5.3532,5224
AR BIL AS,2850,60.6739,10.8132,2850
BRUKTBIL PARTNER AS,1605,59.2204,10.9478,1605
AUTOMOBIL 1 AS,0665,59.9127,10.7461,0665
WIIK AUTO AS,2335,60.718,11.1942,2335
FJELL AUTO AS,5258,60.2825,5.2503,5258
BILMARK AS,5164,60.3867,5.298,5164
AUTO BEN AS,3055,59.764,10.015,3055
SIGMA BIL,5224,60.3182,5.3532,5224
SIGMA BIL,5224,60.3182,5.3532,5224
NORDIC BIL AS,3080,59.567,10.158,3080
ØSTFOLD BILSALG AS AVD ASKIM,1832,59.591,11.1312,1832
BILMARK AS,5164,60.3867,5.298,5164
CARMAX AUTO ZELON MOHAMMED SABER SABER,3414,59.7553,10.2565,3414
AUTO UTVIK AS,5542,59.3765,5.2985,5542
PLANET X KRYVENKO,6420,62.7375,7.1591,6420
RIKE AUTO AS,3512,60.5565,10.0877,3512
ELVEBYEN AUTO AS,3044,59.7363,10.2087,3044
MOTORPARTNER AS,3023,59.752,10.1611,3023
SIGMA BIL,5224,60.3182,5.3532,5224
WANGEN AUTO AS,2322,60.8013,11.1305,2322
AUTO DUHOKI AHMED,1706,59.2822,11.118,1706
BILLAGERET AS,2323,60.8273,11.1324,2323
BJØRKE BIL AS,4355,58.7707,5.7262,4355
ERA LINE AS,4031,58.9701,5.7333,4031
PLAY CAR AS,2060,60.1993,11.074,2060
ASKIM AUTO AS,1831,59.5822,11.1527,1831
AUTOMOTOR AS,3735,59.1769,9.6167,3735
SIGMA BIL,5224,60.3182,5.3532,5224
AUTOMOTOR AS,3735,59.1769,9.6167,3735
TELEMARK BILUTSALG AS,3967,59.013,9.5323,3967
BILKILDEN AS,4016,58.9701,5.7333,4016
JÆREN BRUKTBILSALG AS,4340,58.7354,5.6477,4340
NS MOTORGROUP BIN KHADRA,3735,59.1769,9.6167,3735
ÅLESUND BRUKTBIL AS,6010,62.4723,6.1549,6010
BILLAGERET AS,2323,60.8273,11.1324,2323
MBIL AS,2069,60.1571,11.185,2069
SKIEN BILFORUM AS,3726,59.2165,9.5699,3726
BILLAGERET AS,2323,60.8273,11.1324,2323
SIGMA BIL,5224,60.3182,5.3532,5224
AUTONOA AS,3713,59.1783,9.6413,3713
EVJEN BIL,3027,59.7539,10.1184,3027
BILLAGERET AS,2323,60.8273,11.1324,2323
TELLNES AUTOSENTER AS,5357,60.3304,5.0763,5357
ÅBERG AS,3427,59.7373,10.3044,3427
AUTO UTVIK AS,5542,59.3765,5.2985,5542
AUTORAMA AS,4053,58.9039,5.6237,4053
A&M AUTO AMIN,5258,60.2825,5.2503,5258
PA TEKNIKK AS,5239,60.3106,5.3455,5239
PREMIUM AUTO AS,4636,58.1467,7.9956,4636
JÆREN BRUKTBILSALG AS,4340,58.7354,5.6477,4340
BMC BYGG AS,2387,60.8809,10.9395,2387
AUTOMOTOR AS,3735,59.1769,9.6167,3735
NORSK AUTOSENTER AS,0675,59.9127,10.7461,0675
TRONDHEIM FRAKT AS,7043,63.4305,10.3951,7043
LIEN AUTOINVEST AS,1640,59.2973,10.7923,1640
SIGMA BIL,5224,60.3182,5.3532,5224
SKIEN BILFORUM AS,3726,59.2165,9.5699,3726
INVEST AUTO AS,1664,59.2634,11.005,1664
SIGMA BIL,5224,60.3182,5.3532,5224
BN OSLO AS,0454,59.9127,10.7461,0454
SIGMA BIL,5224,60.3182,5.3532,5224
BILER ZDRAVKOVIC,1850,59.6019,11.3933,1850
A AUTOPARK AS,3160,59.227,10.2856,3160
ANTONSEN AUTO AS,3940,59.0817,9.6742,3940
NORSK AUTOSENTER AS,0675,59.9127,10.7461,0675
BILCONCEPT AS,4313,58.8524,5.7352,4313
FJELL AUTO AS,5258,60.2825,5.2503,5258
BILAN AS,3027,59.7539,10.1184,3027
FREDRIKSTAD BILSALG AS,1617,59.2344,10.9694,1617
AUTOMOTOR AS,3735,59.1769,9.6167,3735
GARDERMOEN BILSENTER AS,2072,60.252,11.1806,2072
LØRENSKOG BIL HAMA,2010,59.9487,11.0225,2010
PA TEKNIKK AS,5239,60.3106,5.3455,5239
ARENDAL BILSENTER AS,4815,58.4887,8.84,4815
KLEPP BILINVEST AS,4351,58.7742,5.6294,4351
SKIEN BILFORUM AS,3726,59.2165,9.5699,3726
SIGMA BIL,5224,60.3182,5.3532,5224
AUTO X STAVANGER AS,4031,58.9701,5.7333,4031
NORDEN BIL AS,3048,59.7463,10.1072,3048
PS AUTOTRADING AS,3629,60.1742,9.0077,3629
VAREBILMEGLEREN AS,5227,60.3182,5.3532,5227
OLSSON AUTO,4050,58.8885,5.6528,4050
NORDEN BIL AS,3048,59.7463,10.1072,3048
AUTO HUB AS,1903,59.867,11.2387,1903
ABS AUTO AS,5353,60.3613,5.122,5353
ABS AUTO AS,5353,60.3613,5.122,5353
SULLAND ØSTFOLD AS AVD MOSS,1523,59.4239,10.6778,1523
BERGEN BILCENTER AS,5258,60.2825,5.2503,5258
ÅSEN BIL AS,4715,58.2915,7.7785,4715
CARLSEN AS,5238,60.3106,5.3455,5238
CARLSEN AS,5238,60.3106,5.3455,5238
TRØNDELAG BIL AS,7038,63.4305,10.3951,7038
PORSGRUNN AUTO AS,3917,59.1327,9.6682,3917
PLANET X KRYVENKO,6420,62.7375,7.1591,6420
AUTOSENTER STEFAN AS,2032,60.2635,11.0335,2032
RK-BIL AS,3516,60.5565,10.0877,3516
S RØDSTEN BILFORRETNING AS,5462,59.9192,5.7919,5462
AUTO X STAVANGER AS,4031,58.9701,5.7333,4031
BIL OG MIRAKEL AS,3539,60.5565,10.0877,3539
BILLAGERET AS,2323,60.8273,11.1324,2323
BILBRØDRENE AS,3735,59.1769,9.6167,3735
AUTOMOTORS AS,0581,59.9127,10.7461,0581
ERA LINE AS,4031,58.9701,5.7333,4031
"WILLYS BIL, WILLY TORP",1440,59.6629,10.6313,1440
AUTOTRADE AS,3946,59.1213,9.6922,3946
BIL-KOMPANIET AS,4053,58.9039,5.6237,4053
BJ BIL 1 AS,5052,60.393,5.3242,5052
BILBASEN NORGE AS (DRAMMEN AUTO 1 AS),3027,59.7539,10.1184,3027
CARLSEN AS,5238,60.3106,5.3455,5238
AANESTAD BIL AS,4365,58.6655,5.6379,4365
ASKIM AUTO AS,1831,59.5822,11.1527,1831
SIGMA BIL,5224,60.3182,5.3532,5224
1000 FIX,2322,60.8013,11.1305,2322
CARMAX AUTO ZELON MOHAMMED SABER SABER,3414,59.7553,10.2565,3414
ERA LINE AS,4031,58.9701,5.7333,4031
CASTEL AUTO SALES AS,1661,59.2461,10.997,1661
MOELVEN AUTO AS,2390,60.9333,10.7,2390
PS AUTOTRADING AS,3629,60.1742,9.0077,3629
RIKE AUTO AS,3512,60.5565,10.0877,3512
BIL DEAL AS,5239,60.3106,5.3455,5239
BILSELGEREN AS,4636,58.1467,7.9956,4636
UNIKBIL AS,3043,59.7289,10.2079,3043
FREDRIKSTAD BILPLEIE SERVICE FARHAD TAHA KADIR,1605,59.2204,10.9478,1605
ERA LINE AS,4031,58.9701,5.7333,4031
VORTEX BIL & BUSS AS,1349,59.9284,10.4726,1349
AUTONOA AS,3713,59.1783,9.6413,3713
AUESTAD INVEST,5357,60.3304,5.0763,5357
ASKIM AUTO AS,1831,59.5822,11.1527,1831
ALADZIC BILER,1465,59.9535,11.0029,1465
ABC BILSALG AS,2000,59.9481,11.112,2000
AUTORAMA AS,4053,58.9039,5.6237,4053
RUNE ELLINGSEN,5178,60.3688,5.2261,5178
BRUMUNDDAL BILPLEIE OG BYGGESERVICE AS,2383,60.8809,10.9395,2383
BERGEN BILCENTER AS,5258,60.2825,5.2503,5258
BILER ZDRAVKOVIC,1850,59.6019,11.3933,1850
BIL EXPORT AS,0665,59.9127,10.7461,0665
AUTOVIVA AS,2022,60.0774,11.0245,2022
MS BRUMUNDDAL EIENDOMSSERVICE OG BILOUTLET AS,2380,60.8809,10.9395,2380
CEM. HOLDING AS,2020,60.0115,11.0337,2020
JÆREN AUTO AS,4360,58.6181,5.657,4360
WANGEN AUTO AS,2322,60.8013,11.1305,2322
Vkn Auto AS,3048,59.7463,10.1072,3048
TELEMARK BILUTSALG AS,3967,59.013,9.5323,3967
N.S AUTO AS,1725,59.2784,11.0932,1725
BILLAGERET AS,2323,60.8273,11.1324,2323
KM AUTO AS (NY),3018,59.749,10.1832,3018
BULKEKSPERTEN ROBERT SITARZ,3715,59.2116,9.6166,3715
BILLAGERET AS,2323,60.8273,11.1324,2323
BIL DEAL AS,5239,60.3106,5.3455,5239
AUTOWAGON AS,4016,58.9701,5.7333,4016
BILEX AS,4342,58.6823,5.7779,4342
WANGEN AUTO AS,2322,60.8013,11.1305,2322
JENSEN BIL AS,7032,63.4305,10.3951,7032
N-AUTO,4250,59.2835,5.3067,4250
MOELVEN AUTO AS,2390,60.9333,10.7,2390
LIKA CARS OG TRANSPORT AS,7374,62.5747,11.3842,7374
TELEMARK BILUTSALG AS,3967,59.013,9.5323,3967
DOVRE BIL BERGEN,5257,60.296,5.2655,5257
AUTONOA AS,3713,59.1783,9.6413,3713
AUTO24 AS,2640,61.595,9.7513,2640
ROGALAND BRUKTBIL DARAWSHA,4340,58.7354,5.6477,4340
JT DREAM CAR AS,1930,59.8202,11.6132,1930
N.S AUTO AS,1725,59.2784,11.0932,1725
JAHIC BIL,1710,59.295,11.099,1710
STRØMMEN BILFORMIDLING AS,3515,60.5565,10.0877,3515
AUTOMOTORS AS,0581,59.9127,10.7461,0581
STRADA HOLDING AS,7047,63.4305,10.3951,7047
SYKKYLVEN BIL AS AVD SALG,6230,62.3959,6.5875,6230
B AUTO ALHAJI,4365,58.6655,5.6379,4365
A AUTOPARK AS,3160,59.227,10.2856,3160
MOELVEN AUTO AS,2390,60.9333,10.7,2390
ÅBERG AS,3427,59.7373,10.3044,3427
EVJEN BIL,3027,59.7539,10.1184,3027
ERA LINE AS,4031,58.9701,5.7333,4031
AK BILSENTER AS,2007,59.9752,11.0421,2007
ÅBERG AS,3427,59.7373,10.3044,3427
AUTOTRADE AS,3946,59.1213,9.6922,3946
ARENA BIL OG BILPLEIE AS,3045,59.7398,10.1904,3045
AUTO PROFFESIONAL LAZIC,1859,59.5958,11.2486,1859
BIL2 AS,7606,63.7464,11.2996,7606
AUTOHANDEL AS,2007,59.9752,11.0421,2007
AUTO X STAVANGER AS,4031,58.9701,5.7333,4031
BILCO HØNEFOSS AS,3513,60.5565,10.0877,3513
DRAMMEN AUTO 7 AS,3024,59.7543,10.1425,3024
ABS AUTO AS,5353,60.3613,5.122,5353
AUTOMAR AS,2821,60.7957,10.6915,2821
AUTOTRADE AS,3946,59.1213,9.6922,3946
PREMIUM AUTO AS,4636,58.1467,7.9956,4636
BIL DEAL AS,5239,60.3106,5.3455,5239
OLDTIMERS WORKSHOP JAKOBSEN,1892,59.3318,11.4497,1892
PORSGRUNN AUTO AS,3917,59.1327,9.6682,3917
TELEMARK BILUTSALG AS,3967,59.013,9.5323,3967
BILZENTRUM AS,1412,59.7999,10.8158,1412
BILAN AS,3027,59.7539,10.1184,3027
N.S AUTO AS,1725,59.2784,11.0932,1725
ASKIM AUTO AS,1831,59.5822,11.1527,1831
N-AUTO,4250,59.2835,5.3067,4250
MOTORPARTNER AS,3023,59.752,10.1611,3023
7 FJELL BIL VEST AS,5224,60.3182,5.3532,5224
BMC BYGG AS,2387,60.8809,10.9395,2387
BMB BIL AS,2827,60.7833,10.6333,2827
FREDRIKSTAD AUTOSALG AS,1617,59.2344,10.9694,1617
FJELL AUTO AS,5258,60.2825,5.2503,5258
AUTOMOTOR AS,3735,59.1769,9.6167,3735
AUTOLINKS AS,2312,60.7474,11.1366,2312
MONOKO AS,0684,59.9127,10.7461,0684
S RØDSTEN BILFORRETNING AS,5462,59.9192,5.7919,5462
BIL OG MIRAKEL AS,3539,60.5565,10.0877,3539
AUTORAMA AS,4053,58.9039,5.6237,4053
BIL EXPORT AS,0665,59.9127,10.7461,0665
CARLSEN AS,5238,60.3106,5.3455,5238
TRANSNORD AS,0571,59.9127,10.7461,0571
ALTIAUTO AS,4846,58.4615,8.7725,4846
WANGEN AUTO AS,2322,60.8013,11.1305,2322
BIL EXPORT AS,0665,59.9127,10.7461,0665
SIGMA BIL,5224,60.3182,5.3532,5224
BIL OG MIRAKEL AS,3539,60.5565,10.0877,3539
KLEPPE BILVERKSTED AS,4351,58.7742,5.6294,4351
SIGMA BIL,5224,60.3182,5.3532,5224
ÅBERG AS,3427,59.7373,10.3044,3427
BILZENTRUM AS,1412,59.7999,10.8158,1412
AUTOMOTOR AS,3735,59.1769,9.6167,3735
MOBILE JARLSBERG AS AVD SALG,3170,59.2809,10.3315,3170
BILKIOSKEN AS,3028,59.7585,10.1245,3028
BILSELGEREN AS,4636,58.1467,7.9956,4636
BIL GARASJEN AS,2324,60.8105,11.0807,2324
ELVERUMBIL AS,2406,60.8819,11.5623,2406
MERZAH,3619,59.6625,9.7572,3619
ÅLESUND BRUKTBIL AS,6010,62.4723,6.1549,6010
SKIEN BILFORMIDLING AS,3734,59.1829,9.6092,3734
ÅLESUND BRUKTBIL AS,6010,62.4723,6.1549,6010
NORSKBUSS AS,2016,60.0253,11.1064,2016
STRAND AUTOSALG AS,4120,59.0648,5.9225,4120
STRAND AUTOSALG AS,4120,59.0648,5.9225,4120
BIL-KOMPANIET AS,4053,58.9039,5.6237,4053
BIL-KOMPANIET AS,4053,58.9039,5.6237,4053
PREMIUM AUTO AS,4636,58.1467,7.9956,4636
GANDDAL AUTO AS,4322,58.8524,5.7352,4322
BERGEN BILCENTER AS,5258,60.2825,5.2503,5258
S RØDSTEN BILFORRETNING AS,5462,59.9192,5.7919,5462
MØLLER BIL ASKER OG BÆRUM AVD SALG,1396,59.8741,10.4842,1396
MØLLER BIL ASKER OG BÆRUM AVD SALG,1396,59.8741,10.4842,1396
GANDDAL AUTO AS,4322,58.8524,5.7352,4322
BY NORDAL & JOHNSEN AS,4018,58.9701,5.7333,4018
BY NORDAL & JOHNSEN AS,4018,58.9701,5.7333,4018
BIL-KOMPANIET AS,4053,58.9039,5.6237,4053
AUTO SALONGEN AS,2068,60.1572,11.1762,2068
VIKA BIL AS,2770,60.3927,10.5616,2770
VIKA BIL AS,2770,60.3927,10.5616,2770
SANDESTEEN BIL AS,4315,58.8524,5.7352,4315
DOVRE BIL BERGEN,5257,60.296,5.2655,5257
ÅLESUND BRUKTBIL AS,6010,62.4723,6.1549,6010
N.S AUTO AS,1725,59.2784,11.0932,1725
CARLSEN AS,5238,60.3106,5.3455,5238
RUNE ELLINGSEN,5178,60.3688,5.2261,5178
KJØRBEKK AUTO AS,3735,59.1769,9.6167,3735
BRUKTBIL VEST AS,4031,58.9701,5.7333,4031
JAN-ARILD OVERÅ,7045,63.4305,10.3951,7045
AUTOSERVICE BRYNE AS,4344,58.7354,5.6477,4344
TTB AS,2092,60.4087,11.232,2092
AUTO X STAVANGER AS,4031,58.9701,5.7333,4031
BILSELGEREN AS,4636,58.1467,7.9956,4636
SIGMA BIL,5224,60.3182,5.3532,5224
VIKO AS,2630,61.5296,10.1389,2630
KRKELA AS,1812,59.5936,11.1921,1812
AUTO B AS,3055,59.764,10.015,3055
N-AUTO,4250,59.2835,5.3067,4250
DTE - SYSTEMS AS,2827,60.7833,10.6333,2827
PA TEKNIKK AS,5239,60.3106,5.3455,5239
ÅLESUND BRUKTBIL AS,6010,62.4723,6.1549,6010
AUTO VEST AS,5536,59.4138,5.268,5536
GARDERMOEN BILSENTER AS,2072,60.252,11.1806,2072
BN OSLO AS,0454,59.9127,10.7461,0454
VELAND AUTO AS,1658,59.2427,11.0169,1658
N-AUTO,4250,59.2835,5.3067,4250
INVEST AUTO AS,1664,59.2634,11.005,1664
AUTOVIA AS,1351,59.9091,10.4957,1351
S RØDSTEN BILFORRETNING AS,5462,59.9192,5.7919,5462
BMB BIL AS,2827,60.7833,10.6333,2827
TVEITEN BIL AS,4250,59.2835,5.3067,4250
GRETLAND BIL AS,1711,59.2832,11.0876,1711
FØRDE BILSALG AS,6800,61.4522,5.8572,6800
BERGEN BILCENTER AS,5258,60.2825,5.2503,5258
MOBILE TRADING AS,3170,59.2809,10.3315,3170
S RØDSTEN BILFORRETNING AS,5462,59.9192,5.7919,5462
PLANET X KRYVENKO,6420,62.7375,7.1591,6420
